{
    "stylesvv":[
        {
            "name":"Default",
            "WallColor":
            {"r":0.6313725490196078,"g":0.6235294117647059,"b":0.6235294117647059},
            "RoofColor":
            {"r":0.6313725490196078,"g":0.6235294117647059,"b":0.6235294117647059},
            "EdgeColor":
            {"r":1,"g":1,"b":1}
        },
        {
            "name":"Typical",
            "WallColor":
            {"r":0.6274509803921569,"g":0.41568627450980394,"b":0.396078431372549},
            "WallOpacity":0.4,
            "RoofColor":
            {"r":0.6745098039215687,"g":0.25882352941176473,"b":0.15294117647058825},
            "RoofOpacity":0.2,
            "EdgeStyle":"Continuous",
            "EdgeColorContinuous":
            {"r":0.027450980392156862,"g":0.043137254901960784,"b":0.07058823529411765}
        },
        {
            "name":"Discreet",
            "WallColor":
            {"r":1,"g":1,"b":1},
            "WallOpacity":0.5,
            "RoofColor":
            {"r":0,"g":0,"b":0},
            "RoofOpacity":
            0.5,
            "EdgeStyle":"Dashed",
            "EdgeColorContinuous":
            {"r":0.4,"g":0.4,"b":0.4},
            "DashSizee":1,
            "GapSizee":3
        },
        {
            "name":"Photorealistic",
            "WallTextureMode":2,
            "WallTextureScale":0.07,
            "RoofTextureMode":1,
            "RoofTextureScale":0.09
        }
]
}